<?xml version="1.0" encoding="UTF-8"?>
<beans xmlns="http://www.springframework.org/schema/beans"
       xmlns:xsi="http://www.w3.org/2001/XMLSchema-instance"
       xmlns:context="http://www.springframework.org/schema/context"
       xsi:schemaLocation="http://www.springframework.org/schema/beans http://www.springframework.org/schema/beans/spring-beans.xsd http://www.springframework.org/schema/context https://www.springframework.org/schema/context/spring-context.xsd">

<!--     <bean id="dog" class="beans.Dog">-->
<!--          <constructor-arg name="name" value="xiongxiong"/>-->
<!--          <constructor-arg name="age" value="4"/>-->
<!--     </bean>-->

     <bean id="dog" class="beans.Dog">
         <property name="name" value="xiongxiong"/>
         <property name="age" value="4"/>
     </bean>

<!--    <bean id="userServiceImpl" class="service.impl.UserServiceImpl">-->
<!--    </bean>-->

    <context:component-scan base-package="service.impl"></context:component-scan>



</beans>