<?xml version="1.0" encoding="UTF-8"?>
<beans xmlns="http://www.springframework.org/schema/beans"
       xmlns:xsi="http://www.w3.org/2001/XMLSchema-instance"
       xmlns:context="http://www.springframework.org/schema/context"
       xmlns:aop="http://www.springframework.org/schema/aop"
       xmlns:tx="http://www.springframework.org/schema/tx"
       xsi:schemaLocation="http://www.springframework.org/schema/beans
       http://www.springframework.org/schema/beans/spring-beans.xsd
       http://www.springframework.org/schema/context
       https://www.springframework.org/schema/context/spring-context.xsd
       http://www.springframework.org/schema/aop
       https://www.springframework.org/schema/aop/spring-aop.xsd
       http://www.springframework.org/schema/tx
       http://www.springframework.org/schema/tx/spring-tx.xsd">

    <!--配置扫描器-->
    <context:component-scan base-package="com.hwadee.ssm.service"></context:component-scan>

    <!--配置数据源-->
    <bean id="pooledDataSource" class="com.mchange.v2.c3p0.ComboPooledDataSource">
        <property name="driverClass" value="com.mysql.cj.jdbc.Driver"></property>
        <property name="jdbcUrl" value="jdbc:mysql://localhost:3306/yndx?serverTimezone=UTC"></property>
        <property name="user" value="root"></property>
        <property name="password" value="root"></property>
    </bean>

    <!--整合mybaits-->
    <!--配置和MyBatis的整合-->
    <bean id="sqlSessionFactoryBean" class="org.mybatis.spring.SqlSessionFactoryBean">
        <!--指定mybatis全局配置文件的位置-->
        <property name="configLocation" value="classpath:SqlMapConfig.xml"></property>
        <property name="dataSource" ref="pooledDataSource"></property>
        <!--指定mybatis, mapper文件的位置-->
        <property name="mapperLocations" value="classpath:com/hwadee/ssm/dao/*.xml"></property>
    </bean>


    <!--配置一个可以执行批量的sqlSession -->
    <bean id="sqlSession" class="org.mybatis.spring.SqlSessionTemplate">
        <constructor-arg name="sqlSessionFactory" ref="sqlSessionFactoryBean"></constructor-arg>
        <!--        批量执行返回结果-2147482646-->
        <!--        <constructor-arg name="executorType" value="BATCH"></constructor-arg>-->

        <!--        使用SIMPLE返回结果是影响的行数-->
        <constructor-arg name="executorType" value="SIMPLE"></constructor-arg>
    </bean>

    <!--配置扫描器，将mybatis接口的实现加入到ioc容器中-->
    <bean class="org.mybatis.spring.mapper.MapperScannerConfigurer">
        <!--扫描所有dao接口的实现， 加入到ioc容器中-->
        <property name="basePackage" value="com.hwadee.ssm.dao"></property>
    </bean>

    <!-- 事务控制的配置-->
    <bean id="transactionManager" class="org.springframework.jdbc.datasource.DataSourceTransactionManager">
        <!--控制住数据源-->
        <property name="dataSource" ref="pooledDataSource"></property>
    </bean>


</beans>